term	search	stem	removestop	sim	termweights	p_0.25	p_0.5	p_0.75	p_1.0	p_mean1	p_mean2	r_norm	p_norm	hprec_strict	hrecall_strict	hf1_strict	hprec_soft	hrecall_soft	hf1_soft
tf	search_basic	False	True	cosine	1,1,1,1	0.5691	0.3949	0.2827	0.1336	0.4156	0.3804	0.7281	0.5822	1.0000	0.2531	0.3889	1.0000	0.2982	0.4359
tf	search_basic	False	True	cosine	3,3,4,1	0.5594	0.4115	0.2841	0.1318	0.4183	0.3859	0.7274	0.5882	1.0000	0.2531	0.3889	1.0000	0.2982	0.4359
tf	search_basic	False	True	cosine	1,1,1,4	0.5227	0.3872	0.2667	0.1370	0.3922	0.3633	0.7237	0.5705	1.0000	0.2531	0.3889	1.0000	0.2982	0.4359
tf	search_basic	False	True	dice	1,1,1,1	0.4940	0.3946	0.2879	0.1304	0.3922	0.3675	0.7210	0.5701	1.0000	0.2531	0.3889	1.0000	0.2982	0.4359
tf	search_basic	False	True	dice	3,3,4,1	0.4834	0.4009	0.3010	0.1298	0.3951	0.3739	0.7204	0.5760	1.0000	0.2531	0.3889	1.0000	0.2982	0.4359
tf	search_basic	False	True	dice	1,1,1,4	0.4741	0.3894	0.2853	0.1310	0.3830	0.3524	0.7183	0.5610	1.0000	0.2531	0.3889	1.0000	0.2982	0.4359
tf	search_basic	False	True	jaccard	1,1,1,1	0.4940	0.3946	0.2879	0.1304	0.3922	0.3675	0.7210	0.5701	1.0000	0.2531	0.3889	1.0000	0.2982	0.4359
tf	search_basic	False	True	jaccard	3,3,4,1	0.4834	0.4009	0.3010	0.1298	0.3951	0.3739	0.7204	0.5760	1.0000	0.2531	0.3889	1.0000	0.2982	0.4359
tf	search_basic	False	True	jaccard	1,1,1,4	0.4741	0.3894	0.2853	0.1310	0.3830	0.3524	0.7183	0.5610	1.0000	0.2531	0.3889	1.0000	0.2982	0.4359
tf	search_basic	False	True	overlap	1,1,1,1	0.3741	0.2485	0.2134	0.1356	0.2787	0.2848	0.7125	0.5283	1.0000	0.2531	0.3889	1.0000	0.2982	0.4359
tf	search_basic	False	True	overlap	3,3,4,1	0.3741	0.2774	0.2189	0.1348	0.2901	0.2908	0.7184	0.5354	1.0000	0.2531	0.3889	1.0000	0.2982	0.4359
tf	search_basic	False	True	overlap	1,1,1,4	0.3666	0.2475	0.2136	0.1360	0.2759	0.2838	0.7110	0.5255	1.0000	0.2531	0.3889	1.0000	0.2982	0.4359
tf	search_basic	False	False	cosine	1,1,1,1	0.3836	0.2083	0.1614	0.1180	0.2511	0.2589	0.6745	0.4976	1.0000	0.2531	0.3889	1.0000	0.2982	0.4359
tf	search_basic	False	False	cosine	3,3,4,1	0.4315	0.2138	0.1692	0.1314	0.2715	0.2768	0.6943	0.5228	1.0000	0.2531	0.3889	1.0000	0.2982	0.4359
tf	search_basic	False	False	cosine	1,1,1,4	0.3591	0.1994	0.1550	0.1148	0.2378	0.2569	0.6623	0.4881	1.0000	0.2531	0.3889	1.0000	0.2982	0.4359
tf	search_basic	False	False	dice	1,1,1,1	0.3774	0.2634	0.1922	0.1179	0.2776	0.2766	0.6640	0.4869	1.0000	0.2531	0.3889	1.0000	0.2982	0.4359
tf	search_basic	False	False	dice	3,3,4,1	0.3996	0.2694	0.1995	0.1364	0.2895	0.2938	0.6858	0.5133	1.0000	0.2531	0.3889	1.0000	0.2982	0.4359
tf	search_basic	False	False	dice	1,1,1,4	0.3573	0.2594	0.1875	0.1141	0.2681	0.2684	0.6501	0.4736	1.0000	0.2531	0.3889	1.0000	0.2982	0.4359
tf	search_basic	False	False	jaccard	1,1,1,1	0.3774	0.2634	0.1922	0.1179	0.2776	0.2766	0.6640	0.4869	1.0000	0.2531	0.3889	1.0000	0.2982	0.4359
tf	search_basic	False	False	jaccard	3,3,4,1	0.3996	0.2694	0.1995	0.1364	0.2895	0.2938	0.6858	0.5133	1.0000	0.2531	0.3889	1.0000	0.2982	0.4359
tf	search_basic	False	False	jaccard	1,1,1,4	0.3573	0.2594	0.1875	0.1141	0.2681	0.2684	0.6501	0.4736	1.0000	0.2531	0.3889	1.0000	0.2982	0.4359
tf	search_basic	False	False	overlap	1,1,1,1	0.2544	0.1750	0.1401	0.1161	0.1898	0.2119	0.6228	0.4306	1.0000	0.2531	0.3889	1.0000	0.2982	0.4359
tf	search_basic	False	False	overlap	3,3,4,1	0.2548	0.1855	0.1431	0.1144	0.1945	0.2157	0.6402	0.4432	1.0000	0.2531	0.3889	1.0000	0.2982	0.4359
tf	search_basic	False	False	overlap	1,1,1,4	0.2545	0.1686	0.1387	0.1159	0.1873	0.2094	0.6168	0.4261	1.0000	0.2531	0.3889	1.0000	0.2982	0.4359
tf	search_basic	True	True	cosine	1,1,1,1	0.5088	0.3885	0.2320	0.1484	0.3764	0.3563	0.7397	0.5799	1.0000	0.2531	0.3889	1.0000	0.2982	0.4359
tf	search_basic	True	True	cosine	3,3,4,1	0.5080	0.3750	0.2439	0.1516	0.3756	0.3637	0.7418	0.5850	1.0000	0.2531	0.3889	1.0000	0.2982	0.4359
tf	search_basic	True	True	cosine	1,1,1,4	0.4788	0.3867	0.2333	0.1473	0.3663	0.3469	0.7372	0.5740	1.0000	0.2531	0.3889	1.0000	0.2982	0.4359
tf	search_basic	True	True	dice	1,1,1,1	0.4888	0.3713	0.2402	0.1463	0.3668	0.3463	0.7335	0.5677	1.0000	0.2531	0.3889	1.0000	0.2982	0.4359
tf	search_basic	True	True	dice	3,3,4,1	0.4901	0.3678	0.2523	0.1466	0.3701	0.3493	0.7357	0.5706	1.0000	0.2531	0.3889	1.0000	0.2982	0.4359
tf	search_basic	True	True	dice	1,1,1,4	0.4870	0.3754	0.2334	0.1460	0.3652	0.3445	0.7310	0.5646	1.0000	0.2531	0.3889	1.0000	0.2982	0.4359
tf	search_basic	True	True	jaccard	1,1,1,1	0.4888	0.3713	0.2402	0.1463	0.3668	0.3463	0.7335	0.5677	1.0000	0.2531	0.3889	1.0000	0.2982	0.4359
tf	search_basic	True	True	jaccard	3,3,4,1	0.4901	0.3678	0.2523	0.1466	0.3701	0.3493	0.7357	0.5706	1.0000	0.2531	0.3889	1.0000	0.2982	0.4359
tf	search_basic	True	True	jaccard	1,1,1,4	0.4870	0.3754	0.2334	0.1460	0.3652	0.3445	0.7310	0.5646	1.0000	0.2531	0.3889	1.0000	0.2982	0.4359
tf	search_basic	True	True	overlap	1,1,1,1	0.3311	0.2300	0.2038	0.1391	0.2550	0.2687	0.7133	0.5192	1.0000	0.2531	0.3889	1.0000	0.2982	0.4359
tf	search_basic	True	True	overlap	3,3,4,1	0.3278	0.2390	0.1915	0.1487	0.2528	0.2688	0.7198	0.5228	1.0000	0.2531	0.3889	1.0000	0.2982	0.4359
tf	search_basic	True	True	overlap	1,1,1,4	0.3072	0.2299	0.2010	0.1387	0.2460	0.2639	0.7124	0.5166	1.0000	0.2531	0.3889	1.0000	0.2982	0.4359
tf	search_basic	True	False	cosine	1,1,1,1	0.4224	0.2656	0.1786	0.1227	0.2889	0.2957	0.6890	0.5314	1.0000	0.2531	0.3889	1.0000	0.2982	0.4359
tf	search_basic	True	False	cosine	3,3,4,1	0.4913	0.3202	0.2162	0.1334	0.3426	0.3367	0.7060	0.5599	1.0000	0.2531	0.3889	1.0000	0.2982	0.4359
tf	search_basic	True	False	cosine	1,1,1,4	0.4059	0.2693	0.1778	0.1188	0.2843	0.2925	0.6795	0.5245	1.0000	0.2531	0.3889	1.0000	0.2982	0.4359
tf	search_basic	True	False	dice	1,1,1,1	0.3840	0.2954	0.1934	0.1226	0.2909	0.2893	0.6785	0.5089	1.0000	0.2531	0.3889	1.0000	0.2982	0.4359
tf	search_basic	True	False	dice	3,3,4,1	0.3968	0.2938	0.2030	0.1431	0.2979	0.3025	0.6946	0.5266	1.0000	0.2531	0.3889	1.0000	0.2982	0.4359
tf	search_basic	True	False	dice	1,1,1,4	0.3776	0.2931	0.1941	0.1182	0.2883	0.2851	0.6690	0.5022	1.0000	0.2531	0.3889	1.0000	0.2982	0.4359
tf	search_basic	True	False	jaccard	1,1,1,1	0.3840	0.2954	0.1934	0.1226	0.2909	0.2893	0.6785	0.5089	1.0000	0.2531	0.3889	1.0000	0.2982	0.4359
tf	search_basic	True	False	jaccard	3,3,4,1	0.3968	0.2938	0.2030	0.1431	0.2979	0.3025	0.6946	0.5266	1.0000	0.2531	0.3889	1.0000	0.2982	0.4359
tf	search_basic	True	False	jaccard	1,1,1,4	0.3776	0.2931	0.1941	0.1182	0.2883	0.2851	0.6690	0.5022	1.0000	0.2531	0.3889	1.0000	0.2982	0.4359
tf	search_basic	True	False	overlap	1,1,1,1	0.2534	0.1760	0.1470	0.1200	0.1921	0.2156	0.6353	0.4439	1.0000	0.2531	0.3889	1.0000	0.2982	0.4359
tf	search_basic	True	False	overlap	3,3,4,1	0.2529	0.1822	0.1479	0.1183	0.1943	0.2184	0.6453	0.4511	1.0000	0.2531	0.3889	1.0000	0.2982	0.4359
tf	search_basic	True	False	overlap	1,1,1,4	0.2528	0.1731	0.1440	0.1203	0.1900	0.2143	0.6278	0.4395	1.0000	0.2531	0.3889	1.0000	0.2982	0.4359
na	search_bm25	False	True	na	n,a	0.2689	0.1071	0.1064	0.0966	0.1608	0.1894	0.4843	0.3512	1.0000	0.2531	0.3889	1.0000	0.2982	0.4359
na	search_bm25	False	False	na	n,a	0.2146	0.1108	0.1068	0.0978	0.1441	0.1733	0.4947	0.3481	1.0000	0.2531	0.3889	1.0000	0.2982	0.4359
na	search_bm25	True	True	na	n,a	0.2637	0.1055	0.1040	0.0958	0.1577	0.1837	0.4652	0.3329	1.0000	0.2531	0.3889	1.0000	0.2982	0.4359
na	search_bm25	True	False	na	n,a	0.2438	0.1186	0.0996	0.0969	0.1540	0.1834	0.4956	0.3632	1.0000	0.2531	0.3889	1.0000	0.2982	0.4359
tfidf	search_basic	False	True	cosine	1,1,1,1	0.3767	0.2718	0.2076	0.1356	0.2854	0.2997	0.7077	0.5425	1.0000	0.2531	0.3889	1.0000	0.2982	0.4359
tfidf	search_basic	False	True	cosine	3,3,4,1	0.3848	0.2634	0.2089	0.1460	0.2857	0.3004	0.7100	0.5463	1.0000	0.2531	0.3889	1.0000	0.2982	0.4359
tfidf	search_basic	False	True	cosine	1,1,1,4	0.3567	0.2727	0.2084	0.1338	0.2793	0.2954	0.7043	0.5379	1.0000	0.2531	0.3889	1.0000	0.2982	0.4359
tfidf	search_basic	False	True	dice	1,1,1,1	0.4877	0.3246	0.2404	0.1421	0.3509	0.3379	0.7074	0.5584	1.0000	0.2531	0.3889	1.0000	0.2982	0.4359
tfidf	search_basic	False	True	dice	3,3,4,1	0.4755	0.3277	0.2651	0.1389	0.3561	0.3413	0.7113	0.5627	1.0000	0.2531	0.3889	1.0000	0.2982	0.4359
tfidf	search_basic	False	True	dice	1,1,1,4	0.4856	0.3219	0.2429	0.1422	0.3501	0.3357	0.7064	0.5571	1.0000	0.2531	0.3889	1.0000	0.2982	0.4359
tfidf	search_basic	False	True	jaccard	1,1,1,1	0.4877	0.3246	0.2404	0.1421	0.3509	0.3379	0.7074	0.5584	1.0000	0.2531	0.3889	1.0000	0.2982	0.4359
tfidf	search_basic	False	True	jaccard	3,3,4,1	0.4755	0.3277	0.2651	0.1389	0.3561	0.3413	0.7113	0.5627	1.0000	0.2531	0.3889	1.0000	0.2982	0.4359
tfidf	search_basic	False	True	jaccard	1,1,1,4	0.4856	0.3219	0.2429	0.1422	0.3501	0.3357	0.7064	0.5571	1.0000	0.2531	0.3889	1.0000	0.2982	0.4359
tfidf	search_basic	False	True	overlap	1,1,1,1	0.3481	0.2272	0.2027	0.1374	0.2593	0.2688	0.6930	0.5131	1.0000	0.2531	0.3889	1.0000	0.2982	0.4359
tfidf	search_basic	False	True	overlap	3,3,4,1	0.3643	0.2354	0.1994	0.1374	0.2664	0.2692	0.6976	0.5155	1.0000	0.2531	0.3889	1.0000	0.2982	0.4359
tfidf	search_basic	False	True	overlap	1,1,1,4	0.3395	0.2149	0.2004	0.1358	0.2516	0.2646	0.6884	0.5081	1.0000	0.2531	0.3889	1.0000	0.2982	0.4359
tfidf	search_basic	False	False	cosine	1,1,1,1	0.3667	0.2418	0.1919	0.1223	0.2668	0.2801	0.6793	0.5166	1.0000	0.2531	0.3889	1.0000	0.2982	0.4359
tfidf	search_basic	False	False	cosine	3,3,4,1	0.3698	0.2580	0.1931	0.1260	0.2736	0.2854	0.6806	0.5219	1.0000	0.2531	0.3889	1.0000	0.2982	0.4359
tfidf	search_basic	False	False	cosine	1,1,1,4	0.3622	0.2431	0.1903	0.1209	0.2652	0.2755	0.6750	0.5109	1.0000	0.2531	0.3889	1.0000	0.2982	0.4359
tfidf	search_basic	False	False	dice	1,1,1,1	0.4397	0.3151	0.2281	0.1234	0.3276	0.3222	0.6801	0.5353	1.0000	0.2531	0.3889	1.0000	0.2982	0.4359
tfidf	search_basic	False	False	dice	3,3,4,1	0.4449	0.3264	0.2289	0.1222	0.3334	0.3309	0.6870	0.5432	1.0000	0.2531	0.3889	1.0000	0.2982	0.4359
tfidf	search_basic	False	False	dice	1,1,1,4	0.3825	0.3278	0.2284	0.1234	0.3129	0.3071	0.6768	0.5254	1.0000	0.2531	0.3889	1.0000	0.2982	0.4359
tfidf	search_basic	False	False	jaccard	1,1,1,1	0.4397	0.3151	0.2281	0.1234	0.3276	0.3222	0.6801	0.5353	1.0000	0.2531	0.3889	1.0000	0.2982	0.4359
tfidf	search_basic	False	False	jaccard	3,3,4,1	0.4449	0.3264	0.2289	0.1222	0.3334	0.3309	0.6870	0.5432	1.0000	0.2531	0.3889	1.0000	0.2982	0.4359
tfidf	search_basic	False	False	jaccard	1,1,1,4	0.3825	0.3278	0.2284	0.1234	0.3129	0.3071	0.6768	0.5254	1.0000	0.2531	0.3889	1.0000	0.2982	0.4359
tfidf	search_basic	False	False	overlap	1,1,1,1	0.3421	0.2045	0.1760	0.1195	0.2409	0.2552	0.6530	0.4814	1.0000	0.2531	0.3889	1.0000	0.2982	0.4359
tfidf	search_basic	False	False	overlap	3,3,4,1	0.3421	0.2081	0.1770	0.1204	0.2424	0.2572	0.6589	0.4851	1.0000	0.2531	0.3889	1.0000	0.2982	0.4359
tfidf	search_basic	False	False	overlap	1,1,1,4	0.3428	0.1921	0.1769	0.1188	0.2373	0.2527	0.6500	0.4785	1.0000	0.2531	0.3889	1.0000	0.2982	0.4359
tfidf	search_basic	True	True	cosine	1,1,1,1	0.4482	0.3561	0.2058	0.1417	0.3367	0.3383	0.7197	0.5658	1.0000	0.2531	0.3889	1.0000	0.2982	0.4359
tfidf	search_basic	True	True	cosine	3,3,4,1	0.4393	0.3709	0.1986	0.1395	0.3363	0.3343	0.7207	0.5658	1.0000	0.2531	0.3889	1.0000	0.2982	0.4359
tfidf	search_basic	True	True	cosine	1,1,1,4	0.4417	0.3561	0.2045	0.1405	0.3341	0.3394	0.7173	0.5652	1.0000	0.2531	0.3889	1.0000	0.2982	0.4359
tfidf	search_basic	True	True	dice	1,1,1,1	0.4960	0.3646	0.2087	0.1404	0.3564	0.3464	0.7171	0.5661	1.0000	0.2531	0.3889	1.0000	0.2982	0.4359
tfidf	search_basic	True	True	dice	3,3,4,1	0.5285	0.4052	0.2288	0.1385	0.3875	0.3744	0.7187	0.5787	1.0000	0.2531	0.3889	1.0000	0.2982	0.4359
tfidf	search_basic	True	True	dice	1,1,1,4	0.4957	0.3616	0.2070	0.1397	0.3548	0.3449	0.7150	0.5638	1.0000	0.2531	0.3889	1.0000	0.2982	0.4359
tfidf	search_basic	True	True	jaccard	1,1,1,1	0.4960	0.3646	0.2087	0.1404	0.3564	0.3464	0.7171	0.5661	1.0000	0.2531	0.3889	1.0000	0.2982	0.4359
tfidf	search_basic	True	True	jaccard	3,3,4,1	0.5285	0.4052	0.2288	0.1385	0.3875	0.3744	0.7187	0.5787	1.0000	0.2531	0.3889	1.0000	0.2982	0.4359
tfidf	search_basic	True	True	jaccard	1,1,1,4	0.4957	0.3616	0.2070	0.1397	0.3548	0.3449	0.7150	0.5638	1.0000	0.2531	0.3889	1.0000	0.2982	0.4359
tfidf	search_basic	True	True	overlap	1,1,1,1	0.4151	0.2656	0.1957	0.1336	0.2921	0.2905	0.7035	0.5289	1.0000	0.2531	0.3889	1.0000	0.2982	0.4359
tfidf	search_basic	True	True	overlap	3,3,4,1	0.4329	0.3014	0.1941	0.1319	0.3095	0.3042	0.7096	0.5419	1.0000	0.2531	0.3889	1.0000	0.2982	0.4359
tfidf	search_basic	True	True	overlap	1,1,1,4	0.4152	0.2577	0.1938	0.1336	0.2889	0.2886	0.7007	0.5259	1.0000	0.2531	0.3889	1.0000	0.2982	0.4359
tfidf	search_basic	True	False	cosine	1,1,1,1	0.4627	0.3468	0.1994	0.1350	0.3363	0.3342	0.6998	0.5515	1.0000	0.2531	0.3889	1.0000	0.2982	0.4359
tfidf	search_basic	True	False	cosine	3,3,4,1	0.4586	0.3569	0.2037	0.1336	0.3397	0.3384	0.7048	0.5567	1.0000	0.2531	0.3889	1.0000	0.2982	0.4359
tfidf	search_basic	True	False	cosine	1,1,1,4	0.4700	0.3496	0.1999	0.1346	0.3398	0.3339	0.6985	0.5516	1.0000	0.2531	0.3889	1.0000	0.2982	0.4359
tfidf	search_basic	True	False	dice	1,1,1,1	0.5088	0.4094	0.2278	0.1324	0.3820	0.3647	0.6957	0.5565	1.0000	0.2531	0.3889	1.0000	0.2982	0.4359
tfidf	search_basic	True	False	dice	3,3,4,1	0.5168	0.4115	0.2207	0.1315	0.3830	0.3655	0.6977	0.5593	1.0000	0.2531	0.3889	1.0000	0.2982	0.4359
tfidf	search_basic	True	False	dice	1,1,1,4	0.4784	0.3591	0.2026	0.1328	0.3467	0.3387	0.6933	0.5480	1.0000	0.2531	0.3889	1.0000	0.2982	0.4359
tfidf	search_basic	True	False	jaccard	1,1,1,1	0.5088	0.4094	0.2278	0.1324	0.3820	0.3647	0.6957	0.5565	1.0000	0.2531	0.3889	1.0000	0.2982	0.4359
tfidf	search_basic	True	False	jaccard	3,3,4,1	0.5168	0.4115	0.2207	0.1315	0.3830	0.3655	0.6977	0.5593	1.0000	0.2531	0.3889	1.0000	0.2982	0.4359
tfidf	search_basic	True	False	jaccard	1,1,1,4	0.4784	0.3591	0.2026	0.1328	0.3467	0.3387	0.6933	0.5480	1.0000	0.2531	0.3889	1.0000	0.2982	0.4359
tfidf	search_basic	True	False	overlap	1,1,1,1	0.3813	0.2367	0.1840	0.1306	0.2673	0.2811	0.6784	0.5099	1.0000	0.2531	0.3889	1.0000	0.2982	0.4359
tfidf	search_basic	True	False	overlap	3,3,4,1	0.3836	0.2850	0.1817	0.1284	0.2834	0.2915	0.6845	0.5191	1.0000	0.2531	0.3889	1.0000	0.2982	0.4359
tfidf	search_basic	True	False	overlap	1,1,1,4	0.3767	0.2253	0.1819	0.1309	0.2613	0.2778	0.6750	0.5064	1.0000	0.2531	0.3889	1.0000	0.2982	0.4359
boolean	search_basic	False	True	cosine	1,1,1,1	0.3428	0.1995	0.1789	0.1205	0.2404	0.2545	0.6757	0.4913	1.0000	0.2531	0.3889	1.0000	0.2982	0.4359
boolean	search_basic	False	True	cosine	3,3,4,1	0.3658	0.1886	0.1753	0.1184	0.2432	0.2605	0.6670	0.4880	1.0000	0.2531	0.3889	1.0000	0.2982	0.4359
boolean	search_basic	False	True	cosine	1,1,1,4	0.3282	0.2045	0.1823	0.1218	0.2383	0.2502	0.6751	0.4811	1.0000	0.2531	0.3889	1.0000	0.2982	0.4359
boolean	search_basic	False	True	dice	1,1,1,1	0.2874	0.2786	0.2142	0.1115	0.2601	0.2570	0.6565	0.4703	1.0000	0.2531	0.3889	1.0000	0.2982	0.4359
boolean	search_basic	False	True	dice	3,3,4,1	0.2601	0.2069	0.1799	0.1114	0.2156	0.2247	0.6553	0.4606	1.0000	0.2531	0.3889	1.0000	0.2982	0.4359
boolean	search_basic	False	True	dice	1,1,1,4	0.2882	0.2788	0.2211	0.1121	0.2627	0.2584	0.6604	0.4714	1.0000	0.2531	0.3889	1.0000	0.2982	0.4359
boolean	search_basic	False	True	jaccard	1,1,1,1	0.2874	0.2786	0.2142	0.1115	0.2601	0.2570	0.6565	0.4703	1.0000	0.2531	0.3889	1.0000	0.2982	0.4359
boolean	search_basic	False	True	jaccard	3,3,4,1	0.2601	0.2069	0.1799	0.1114	0.2156	0.2247	0.6553	0.4606	1.0000	0.2531	0.3889	1.0000	0.2982	0.4359
boolean	search_basic	False	True	jaccard	1,1,1,4	0.2882	0.2788	0.2211	0.1121	0.2627	0.2584	0.6604	0.4714	1.0000	0.2531	0.3889	1.0000	0.2982	0.4359
boolean	search_basic	False	True	overlap	1,1,1,1	0.4406	0.2536	0.2147	0.1234	0.3030	0.3194	0.7045	0.5371	1.0000	0.2531	0.3889	1.0000	0.2982	0.4359
boolean	search_basic	False	True	overlap	3,3,4,1	0.4250	0.2292	0.2042	0.1222	0.2862	0.2952	0.6967	0.5259	1.0000	0.2531	0.3889	1.0000	0.2982	0.4359
boolean	search_basic	False	True	overlap	1,1,1,4	0.4185	0.2516	0.2184	0.1241	0.2962	0.3080	0.7035	0.5303	1.0000	0.2531	0.3889	1.0000	0.2982	0.4359
boolean	search_basic	False	False	cosine	1,1,1,1	0.2486	0.2101	0.1501	0.1181	0.2029	0.2220	0.6340	0.4535	1.0000	0.2531	0.3889	1.0000	0.2982	0.4359
boolean	search_basic	False	False	cosine	3,3,4,1	0.2799	0.1979	0.1452	0.1192	0.2076	0.2363	0.6295	0.4609	1.0000	0.2531	0.3889	1.0000	0.2982	0.4359
boolean	search_basic	False	False	cosine	1,1,1,4	0.2637	0.1791	0.1533	0.1164	0.1987	0.2145	0.6281	0.4450	1.0000	0.2531	0.3889	1.0000	0.2982	0.4359
boolean	search_basic	False	False	dice	1,1,1,1	0.2547	0.2298	0.1652	0.1034	0.2166	0.2197	0.5597	0.3947	1.0000	0.2531	0.3889	1.0000	0.2982	0.4359
boolean	search_basic	False	False	dice	3,3,4,1	0.1999	0.1688	0.1326	0.1037	0.1671	0.1848	0.5614	0.3837	1.0000	0.2531	0.3889	1.0000	0.2982	0.4359
boolean	search_basic	False	False	dice	1,1,1,4	0.2540	0.2223	0.1686	0.1034	0.2150	0.2180	0.5596	0.3922	1.0000	0.2531	0.3889	1.0000	0.2982	0.4359
boolean	search_basic	False	False	jaccard	1,1,1,1	0.2547	0.2298	0.1652	0.1034	0.2166	0.2197	0.5597	0.3947	1.0000	0.2531	0.3889	1.0000	0.2982	0.4359
boolean	search_basic	False	False	jaccard	3,3,4,1	0.1999	0.1688	0.1326	0.1037	0.1671	0.1848	0.5614	0.3837	1.0000	0.2531	0.3889	1.0000	0.2982	0.4359
boolean	search_basic	False	False	jaccard	1,1,1,4	0.2540	0.2223	0.1686	0.1034	0.2150	0.2180	0.5596	0.3922	1.0000	0.2531	0.3889	1.0000	0.2982	0.4359
boolean	search_basic	False	False	overlap	1,1,1,1	0.3965	0.2450	0.1823	0.1198	0.2746	0.2964	0.6539	0.5040	1.0000	0.2531	0.3889	1.0000	0.2982	0.4359
boolean	search_basic	False	False	overlap	3,3,4,1	0.4666	0.2396	0.1745	0.1175	0.2936	0.2955	0.6508	0.5048	1.0000	0.2531	0.3889	1.0000	0.2982	0.4359
boolean	search_basic	False	False	overlap	1,1,1,4	0.3919	0.2467	0.1830	0.1212	0.2739	0.2921	0.6535	0.5018	1.0000	0.2531	0.3889	1.0000	0.2982	0.4359
boolean	search_basic	True	True	cosine	1,1,1,1	0.3200	0.2621	0.2102	0.1420	0.2641	0.2805	0.6877	0.5112	1.0000	0.2531	0.3889	1.0000	0.2982	0.4359
boolean	search_basic	True	True	cosine	3,3,4,1	0.3399	0.2283	0.2003	0.1428	0.2562	0.2802	0.6886	0.5172	1.0000	0.2531	0.3889	1.0000	0.2982	0.4359
boolean	search_basic	True	True	cosine	1,1,1,4	0.3090	0.2434	0.2173	0.1435	0.2566	0.2716	0.6824	0.4996	1.0000	0.2531	0.3889	1.0000	0.2982	0.4359
boolean	search_basic	True	True	dice	1,1,1,1	0.3422	0.2652	0.2208	0.1419	0.2761	0.2826	0.6678	0.4878	1.0000	0.2531	0.3889	1.0000	0.2982	0.4359
boolean	search_basic	True	True	dice	3,3,4,1	0.2710	0.2421	0.1963	0.1418	0.2365	0.2470	0.6741	0.4822	1.0000	0.2531	0.3889	1.0000	0.2982	0.4359
boolean	search_basic	True	True	dice	1,1,1,4	0.3514	0.2598	0.2236	0.1431	0.2783	0.2838	0.6661	0.4875	1.0000	0.2531	0.3889	1.0000	0.2982	0.4359
boolean	search_basic	True	True	jaccard	1,1,1,1	0.3422	0.2652	0.2208	0.1419	0.2761	0.2826	0.6678	0.4878	1.0000	0.2531	0.3889	1.0000	0.2982	0.4359
boolean	search_basic	True	True	jaccard	3,3,4,1	0.2710	0.2421	0.1963	0.1418	0.2365	0.2470	0.6741	0.4822	1.0000	0.2531	0.3889	1.0000	0.2982	0.4359
boolean	search_basic	True	True	jaccard	1,1,1,4	0.3514	0.2598	0.2236	0.1431	0.2783	0.2838	0.6661	0.4875	1.0000	0.2531	0.3889	1.0000	0.2982	0.4359
boolean	search_basic	True	True	overlap	1,1,1,1	0.4508	0.2642	0.2104	0.1431	0.3085	0.3242	0.7129	0.5432	1.0000	0.2531	0.3889	1.0000	0.2982	0.4359
boolean	search_basic	True	True	overlap	3,3,4,1	0.4210	0.2419	0.2009	0.1426	0.2879	0.2968	0.7098	0.5351	1.0000	0.2531	0.3889	1.0000	0.2982	0.4359
boolean	search_basic	True	True	overlap	1,1,1,4	0.4235	0.2690	0.2143	0.1435	0.3023	0.3143	0.7104	0.5374	1.0000	0.2531	0.3889	1.0000	0.2982	0.4359
boolean	search_basic	True	False	cosine	1,1,1,1	0.3358	0.2662	0.1745	0.1223	0.2588	0.2672	0.6637	0.4967	1.0000	0.2531	0.3889	1.0000	0.2982	0.4359
boolean	search_basic	True	False	cosine	3,3,4,1	0.2956	0.2283	0.1640	0.1250	0.2293	0.2635	0.6673	0.4972	1.0000	0.2531	0.3889	1.0000	0.2982	0.4359
boolean	search_basic	True	False	cosine	1,1,1,4	0.3134	0.2495	0.1779	0.1219	0.2469	0.2577	0.6560	0.4875	1.0000	0.2531	0.3889	1.0000	0.2982	0.4359
boolean	search_basic	True	False	dice	1,1,1,1	0.3108	0.2372	0.1701	0.1097	0.2394	0.2450	0.5869	0.4278	1.0000	0.2531	0.3889	1.0000	0.2982	0.4359
boolean	search_basic	True	False	dice	3,3,4,1	0.2472	0.2149	0.1457	0.1108	0.2026	0.2158	0.5925	0.4222	1.0000	0.2531	0.3889	1.0000	0.2982	0.4359
boolean	search_basic	True	False	dice	1,1,1,4	0.3040	0.2345	0.1722	0.1095	0.2369	0.2417	0.5855	0.4237	1.0000	0.2531	0.3889	1.0000	0.2982	0.4359
boolean	search_basic	True	False	jaccard	1,1,1,1	0.3108	0.2372	0.1701	0.1097	0.2394	0.2450	0.5869	0.4278	1.0000	0.2531	0.3889	1.0000	0.2982	0.4359
boolean	search_basic	True	False	jaccard	3,3,4,1	0.2472	0.2149	0.1457	0.1108	0.2026	0.2158	0.5925	0.4222	1.0000	0.2531	0.3889	1.0000	0.2982	0.4359
boolean	search_basic	True	False	jaccard	1,1,1,4	0.3040	0.2345	0.1722	0.1095	0.2369	0.2417	0.5855	0.4237	1.0000	0.2531	0.3889	1.0000	0.2982	0.4359
boolean	search_basic	True	False	overlap	1,1,1,1	0.3955	0.2347	0.1874	0.1326	0.2725	0.2994	0.6832	0.5197	1.0000	0.2531	0.3889	1.0000	0.2982	0.4359
boolean	search_basic	True	False	overlap	3,3,4,1	0.4553	0.2226	0.1783	0.1292	0.2854	0.2967	0.6804	0.5182	1.0000	0.2531	0.3889	1.0000	0.2982	0.4359
boolean	search_basic	True	False	overlap	1,1,1,4	0.3595	0.2366	0.1880	0.1335	0.2613	0.2919	0.6807	0.5150	1.0000	0.2531	0.3889	1.0000	0.2982	0.4359
